OCC_YEAR,NEIGHBOURHOOD_NAME,predicted_collisions
2014,Agincourt North,560.1777477324863
2015,Agincourt North,542.2723814119521
2016,Agincourt North,524.9393372594624
2017,Agincourt North,508.1603217278105
2018,Agincourt North,491.91762599966444
2019,Agincourt North,476.1941072974225
2020,Agincourt North,460.97317079047656
2021,Agincourt North,446.2387520807864
2022,Agincourt North,431.9753002482795
2023,Agincourt North,418.16776143818396
2024,Agincourt North,404.80156297297094
2014,Agincourt South-Malvern West,867.8051242605235
2015,Agincourt South-Malvern West,840.0668417107108
2016,Agincourt South-Malvern West,813.2151779388972
2017,Agincourt South-Malvern West,787.2217933081176
2018,Agincourt South-Malvern West,762.0592540217106
2019,Agincourt South-Malvern West,737.7010031692902
2020,Agincourt South-Malvern West,714.1213326981962
2021,Agincourt South-Malvern West,691.2953562808402
2022,Agincourt South-Malvern West,669.1989830493142
2023,Agincourt South-Malvern West,647.8088921695368
2024,Agincourt South-Malvern West,627.1025082281056
2014,Alderwood,170.65895576983144
2015,Alderwood,165.2040601919408
2016,Alderwood,159.92352338491844
2017,Alderwood,154.81177219332176
2018,Alderwood,149.86341160050458
2019,Alderwood,145.07321903463802
2020,Alderwood,140.4361388567321
2021,Alderwood,135.94727702484082
2022,Alderwood,131.6018959288188
2023,Alderwood,127.39540939017893
2024,Alderwood,123.32337782177235
2014,Annex,927.2978644444165
2015,Annex,897.6579724309704
2016,Annex,868.9654817135416
2017,Annex,841.1901098196
2018,Annex,814.3025422171769
2019,Annex,788.2744013758814
2020,Annex,763.0782168168416
2021,Annex,738.6873961199609
2022,Annex,715.0761968578906
2023,Annex,692.2196994270977
2024,Annex,670.0937807473517
2014,Avondale,155.61954090535048
2015,Avondale,150.64536101722996
2016,Avondale,145.83017443686114
2017,Avondale,141.1688991462077
2018,Avondale,136.65661556744877
2019,Avondale,132.28856137078682
2020,Avondale,128.06012644821357
2021,Avondale,123.96684804793671
2022,Avondale,120.0044060643248
2023,Avondale,116.16861847840673
2024,Avondale,112.45543694410622
2014,Banbury-Don Mills,995.7826912717976
2015,Banbury-Don Mills,963.9537692286765
2016,Banbury-Don Mills,933.1422180309268
2017,Banbury-Don Mills,903.3155187187325
2018,Banbury-Don Mills,874.4421917592927
2019,Banbury-Don Mills,846.4917638228769
2020,Banbury-Don Mills,819.4347356208173
2021,Banbury-Don Mills,793.2425507715411
2022,Banbury-Don Mills,767.8875656617388
2023,Banbury-Don Mills,743.3430202709028
2024,Banbury-Don Mills,719.5830099284011
2014,Bathurst Manor,532.695653501188
2015,Bathurst Manor,515.6687172262218
2016,Bathurst Manor,499.1860252247094
2017,Bathurst Manor,483.23018142348747
2018,Bathurst Manor,467.78434579265536
2019,Bathurst Manor,452.83221657236214
2020,Bathurst Manor,438.3580130676923
2021,Bathurst Manor,424.34645899349005
2022,Bathurst Manor,410.7827663515459
2023,Bathurst Manor,397.6526198231277
2024,Bathurst Manor,384.9421616603849
2014,Bay-Cloverhill,272.2119871213754
2015,Bay-Cloverhill,263.5110785865787
2016,Bay-Cloverhill,255.08828348143476
2017,Bay-Cloverhill,246.9347122653347
2018,Bay-Cloverhill,239.0417595404828
2019,Bay-Cloverhill,231.40109496963416
2020,Bay-Cloverhill,224.00465448413547
2021,Bay-Cloverhill,216.8446317729896
2022,Bay-Cloverhill,209.9134700439612
2023,Bay-Cloverhill,203.20385404802823
2024,Bay-Cloverhill,196.70870235876146
2014,Bayview Village,522.3872831642298
2015,Bayview Village,505.68984078258245
2016,Bayview Village,489.52611082287547
2017,Bayview Village,473.87903384912926
2018,Bayview Village,458.73209570844915
2019,Bayview Village,444.06931010174804
2020,Bayview Village,429.8752017115736
2021,Bayview Village,416.1347898692328
2022,Bayview Village,402.833572743976
2023,Bayview Village,389.9575120375536
2024,Bayview Village,377.4930181679918
2014,Bayview Woods-Steeles,202.89230690783282
2015,Bayview Woods-Steeles,196.40711342503513
2016,Bayview Woods-Steeles,190.12921086987438
2017,Bayview Woods-Steeles,184.05197345257352
2018,Bayview Woods-Steeles,178.1689871682641
2019,Bayview Woods-Steeles,172.47404302755217
2020,Bayview Woods-Steeles,166.96113050346048
2021,Bayview Woods-Steeles,161.6244311878307
2022,Bayview Woods-Steeles,156.45831265049088
2023,Bayview Woods-Steeles,151.45732249470635
2024,Bayview Woods-Steeles,146.61618260264112
2014,Bedford Park-Nortown,526.9198638380898
2015,Bedford Park-Nortown,510.07754330362155
2016,Bedford Park-Nortown,493.7735660362292
2017,Bedford Park-Nortown,477.9907245808823
2018,Bedford Park-Nortown,462.71236149687513
2019,Bedford Park-Nortown,447.92235177732175
2020,Bedford Park-Nortown,433.6050858305884
2021,Bedford Park-Nortown,419.7454530057033
2022,Bedford Park-Nortown,406.3288256443558
2023,Bedford Park-Nortown,393.34104364265255
2024,Bedford Park-Nortown,380.76839950633763
2014,Beechborough-Greenbrook,246.09113352701522
2015,Beechborough-Greenbrook,238.2251447192253
2016,Beechborough-Greenbrook,230.61058219826455
2017,Beechborough-Greenbrook,223.2394094439632
2018,Beechborough-Greenbrook,216.1038468132556
2019,Beechborough-Greenbrook,209.19636332943148
2020,Beechborough-Greenbrook,202.50966873383354
2021,Beechborough-Greenbrook,196.03670579161232
2022,Beechborough-Greenbrook,189.7706428434178
2023,Beechborough-Greenbrook,183.7048665951664
2024,Beechborough-Greenbrook,177.83297513827452
2014,Bendale South,257.3131957709005
2015,Bendale South,249.08850807483458
2016,Bendale South,241.12671201747824
2017,Bendale South,233.419404603331
2018,Bendale South,225.95845142791222
2019,Bendale South,218.73597809259238
2020,Bendale South,211.74436189383798
2021,Bendale South,204.9762237780992
2022,Bendale South,198.42442055384947
2023,Bendale South,192.08203735255694
2024,Bendale South,185.94238033063164
2014,Bendale-Glen Andrew,771.8319155749668
2015,Bendale-Glen Andrew,747.1612940763615
2016,Bendale-Glen Andrew,723.2792374878687
2017,Bendale-Glen Andrew,700.1605403391889
2018,Bendale-Glen Andrew,677.7808028206911
2019,Bendale-Glen Andrew,656.116405031499
2020,Bendale-Glen Andrew,635.1444820507039
2021,Bendale-Glen Andrew,614.8428998053935
2022,Bendale-Glen Andrew,595.1902317100295
2023,Bendale-Glen Andrew,576.1657360525172
2024,Bendale-Glen Andrew,557.7493341031003
2014,Birchcliffe-Cliffside,379.6221851457789
2015,Birchcliffe-Cliffside,367.4880468013853
2016,Birchcliffe-Cliffside,355.7417606930361
2017,Birchcliffe-Cliffside,344.3709296193204
2018,Birchcliffe-Cliffside,333.36355263953817
2019,Birchcliffe-Cliffside,322.70801240773284
2020,Birchcliffe-Cliffside,312.39306291157516
2021,Birchcliffe-Cliffside,302.4078176031581
2022,Birchcliffe-Cliffside,292.7417379091756
2023,Birchcliffe-Cliffside,283.3846221083588
2024,Birchcliffe-Cliffside,274.326594564431
2014,Black Creek,398.74219822553096
2015,Black Creek,385.9969130806224
2016,Black Creek,373.65901469876
2017,Black Creek,361.71548148232415
2018,Black Creek,350.15370805243356
2019,Black Creek,338.96149194504494
2020,Black Creek,328.1270207322948
2021,Black Creek,317.638859555491
2022,Black Creek,307.4859390565964
2023,Black Creek,297.6575436954671
2024,Black Creek,288.1433004405156
2014,Blake-Jones,82.40681817060974
2015,Blake-Jones,79.77278946699364
2016,Blake-Jones,77.22295412705164
2017,Blake-Jones,74.7546210174349
2018,Blake-Jones,72.36518502343479
2019,Blake-Jones,70.05212429950798
2020,Blake-Jones,67.8129976076828
2021,Blake-Jones,65.64544174104225
2022,Blake-Jones,63.547169029559974
2023,Blake-Jones,61.51596492566094
2024,Blake-Jones,59.54968566695477
2014,Briar Hill-Belgravia,234.55279757267184
2015,Briar Hill-Belgravia,227.05561693840932
2016,Briar Hill-Belgravia,219.79807410870268
2017,Briar Hill-Belgravia,212.7725093671634
2018,Briar Hill-Belgravia,205.97150783045524
2019,Briar Hill-Belgravia,199.38789162251854
2020,Briar Hill-Belgravia,193.0147122989352
2021,Briar Hill-Belgravia,186.84524351343933
2022,Briar Hill-Belgravia,180.8729739188334
2023,Briar Hill-Belgravia,175.09160029481765
2024,Briar Hill-Belgravia,169.49502089547954
2014,Bridle Path-Sunnybrook-York Mills,285.1878291861693
2015,Bridle Path-Sunnybrook-York Mills,276.07216443081944
2016,Bridle Path-Sunnybrook-York Mills,267.2478702580398
2017,Bridle Path-Sunnybrook-York Mills,258.70563337925904
2018,Bridle Path-Sunnybrook-York Mills,250.4364381932811
2019,Bridle Path-Sunnybrook-York Mills,242.43155727108862
2020,Bridle Path-Sunnybrook-York Mills,234.68254214478736
2021,Bridle Path-Sunnybrook-York Mills,227.18121439096996
2022,Bridle Path-Sunnybrook-York Mills,219.9196569990889
2023,Bridle Path-Sunnybrook-York Mills,212.89020601572815
2024,Bridle Path-Sunnybrook-York Mills,206.0854424559554
2014,Broadview North,163.4737177772471
2015,Broadview North,158.24848915574344
2016,Broadview North,153.19027829414776
2017,Broadview North,148.2937466830578
2018,Broadview North,143.55372645170675
2019,Broadview North,138.9652149137171
2020,Broadview North,134.52336928719262
2021,Broadview North,130.22350158357588
2022,Broadview North,126.06107365987675
2023,Broadview North,122.03169242905025
2024,Broadview North,118.13110522346857
2014,Brookhaven-Amesbury,350.82403751929553
2015,Brookhaven-Amesbury,339.61039518655605
2016,Brookhaven-Amesbury,328.7551826103851
2017,Brookhaven-Amesbury,318.24694304135454
2018,Brookhaven-Amesbury,308.0745859303987
2019,Brookhaven-Amesbury,298.22737522369135
2020,Brookhaven-Amesbury,288.69491803165414
2021,Brookhaven-Amesbury,279.46715366015366
2022,Brookhaven-Amesbury,270.5343429922943
2023,Brookhaven-Amesbury,261.8870582096163
2024,Brookhaven-Amesbury,253.51617284183533
2014,Cabbagetown-South St.James Town,292.69105447563715
2015,Cabbagetown-South St.James Town,283.33555870604715
2016,Cabbagetown-South St.James Town,274.2790994111169
2017,Cabbagetown-South St.James Town,265.51211827182397
2018,Cabbagetown-South St.James Town,257.02536248860724
2019,Cabbagetown-South St.James Town,248.8098750158268
2020,Cabbagetown-South St.James Town,240.85698510836798
2021,Cabbagetown-South St.James Town,233.1582991704105
2022,Cabbagetown-South St.James Town,225.70569189670533
2023,Cabbagetown-South St.James Town,218.49129769700912
2024,Cabbagetown-South St.James Town,211.50750239462573
2014,Caledonia-Fairbank,106.90593028250805
2015,Caledonia-Fairbank,103.4888187472959
2016,Caledonia-Fairbank,100.18093081841914
2017,Caledonia-Fairbank,96.97877530278707
2018,Caledonia-Fairbank,93.87897259883823
2019,Caledonia-Fairbank,90.87825112965847
2020,Caledonia-Fairbank,87.9734438901123
2021,Caledonia-Fairbank,85.16148510433828
2022,Caledonia-Fairbank,82.4394069900858
2023,Caledonia-Fairbank,79.80433662647319
2024,Caledonia-Fairbank,77.25349292186647
2014,Casa Loma,383.59802678552734
2015,Casa Loma,371.3368057405439
2016,Casa Loma,359.467498967836
2017,Casa Loma,347.9775794281918
2018,Casa Loma,336.85492049321033
2019,Casa Loma,326.0877831466806
2020,Casa Loma,315.66480359505346
2021,Casa Loma,305.57498127392824
2022,Casa Loma,295.8076672378967
2023,Casa Loma,286.35255292149117
2024,Casa Loma,277.19965925937447
2014,Centennial Scarborough,109.66610132101383
2015,Centennial Scarborough,106.16076444348518
2016,Centennial Scarborough,102.76747118268923
2017,Centennial Scarborough,99.48264020750423
2018,Centennial Scarborough,96.3028046594848
2019,Centennial Scarborough,93.22460849388769
2020,Centennial Scarborough,90.2448029376546
2021,Centennial Scarborough,87.36024306060852
2022,Centennial Scarborough,84.56788445624987
2023,Centennial Scarborough,81.86478002864429
2024,Centennial Scarborough,79.24807688201592
2014,Church-Wellesley,292.6559145932487
2015,Church-Wellesley,283.30154202512324
2016,Church-Wellesley,274.246170029957
2017,Church-Wellesley,265.4802414362798
2018,Church-Wellesley,256.99450455540233
2019,Church-Wellesley,248.78000341704904
2020,Church-Wellesley,240.82806831709703
2021,Church-Wellesley,233.13030666744382
2022,Church-Wellesley,225.67859413834762
2023,Church-Wellesley,218.4650660838916
2024,Church-Wellesley,211.48210924152193
2014,Clairlea-Birchmount,710.0533032573503
2015,Clairlea-Birchmount,687.3573562059161
2016,Clairlea-Birchmount,665.3868561176865
2017,Clairlea-Birchmount,644.1186150069287
2018,Clairlea-Birchmount,623.5301860622611
2019,Clairlea-Birchmount,603.5998399559619
2020,Clairlea-Birchmount,584.3065419105199
2021,Clairlea-Birchmount,565.6299294982241
2022,Clairlea-Birchmount,547.5502911503613
2023,Clairlea-Birchmount,530.0485453533393
2024,Clairlea-Birchmount,513.1062205097788
2014,Clanton Park,330.9928245581354
2015,Clanton Park,320.41306162186834
2016,Clanton Park,310.1714672967699
2017,Clanton Park,300.25723245504884
2018,Clanton Park,290.65989346887966
2019,Clanton Park,281.36932116693754
2020,Clanton Park,272.3757101439235
2021,Clanton Park,263.6695684117967
2022,Clanton Park,255.24170738179214
2023,Clanton Park,247.08323216665008
2024,Clanton Park,239.18553219282282
2014,Cliffcrest,283.26710581421094
2015,Cliffcrest,274.2128345285491
2016,Cliffcrest,265.44797146160266
2017,Cliffcrest,256.96326604925474
2018,Cliffcrest,248.74976340985674
2019,Cliffcrest,240.79879489311608
2020,Cliffcrest,233.1019689310762
2021,Cliffcrest,225.65116218153372
2022,Cliffcrest,218.43851095454477
2023,Cliffcrest,211.45640291297192
2024,Cliffcrest,204.69746903831302
2014,Corso Italia-Davenport,403.76740029480175
2015,Corso Italia-Davenport,390.8614909832796
2016,Corso Italia-Davenport,378.36810258116134
2017,Corso Italia-Davenport,366.2740493843955
2018,Corso Italia-Davenport,354.56656715312175
2019,Corso Italia-Davenport,343.23329964010594
2020,Corso Italia-Davenport,332.2622855497771
2021,Corso Italia-Davenport,321.6419459141017
2022,Corso Italia-Davenport,311.3610718719723
2023,Corso Italia-Davenport,301.4088128392122
2024,Corso Italia-Davenport,291.77466505671106
2014,Danforth,221.7623760668002
2015,Danforth,214.6740249217198
2016,Danforth,207.81224386867714
2017,Danforth,201.16979088402593
2018,Danforth,194.73965542615713
2019,Danforth,188.5150510364713
2020,Danforth,182.48940817685138
2021,Danforth,176.65636729607647
2022,Danforth,171.0097721178588
2023,Danforth,165.54366314342022
2024,Danforth,160.25227136175027
2014,Danforth East York,184.31582966512158
2015,Danforth East York,178.42440955394068
2016,Danforth East York,172.72130116286266
2017,Danforth East York,167.20048534824153
2018,Danforth East York,161.85613536067103
2019,Danforth East York,156.68261069534861
2020,Danforth East York,151.67445113900433
2021,Danforth East York,146.82637100711239
2022,Danforth East York,142.13325356530268
2023,Danforth East York,137.5901456290848
2024,Danforth East York,133.192252336185
2014,Don Valley Village,595.738028592733
2015,Don Valley Village,576.6960233074396
2016,Don Valley Village,558.2626714031326
2017,Don Valley Village,540.4185180517812
2018,Don Valley Village,523.1447302740876
2019,Don Valley Village,506.423077062886
2020,Don Valley Village,490.23591014187264
2021,Don Valley Village,474.5661453393575
2022,Don Valley Village,459.3972445573811
2023,Don Valley Village,444.713198317165
2024,Don Valley Village,430.4985088624746
2014,Dorset Park,1039.1940933611618
2015,Dorset Park,1005.9775812896169
2016,Dorset Park,973.8227926066551
2017,Dorset Park,942.6957906800546
2018,Dorset Park,912.5637236187034
2019,Dorset Park,883.3947896002342
2020,Dorset Park,855.1582033069187
2021,Dorset Park,827.8241634343951
2022,Dorset Park,801.3638212389369
2023,Dorset Park,775.7492500900692
2024,Dorset Park,750.9534159963957
2014,Dovercourt Village,378.8476664063964
2015,Dovercourt Village,366.7382845643931
2016,Dovercourt Village,355.0159636484512
2017,Dovercourt Village,343.6683317503726
2018,Dovercourt Village,332.6834124142052
2019,Dovercourt Village,322.0496119961165
2020,Dovercourt Village,311.75570742829325
2021,Dovercourt Village,301.7908343739523
2022,Dovercourt Village,292.1444757609611
2023,Dovercourt Village,282.8064506819669
2024,Dovercourt Village,273.76690364931875
2014,Downsview,466.46724609648544
2015,Downsview,451.55721628595285
2016,Downsview,437.1237665371745
2017,Downsview,423.15166357710206
2018,Downsview,409.62616104480634
2019,Downsview,396.53298392795307
2020,Downsview,383.8583134967471
2021,Downsview,371.58877271944374
2022,Downsview,359.7114121440345
2023,Downsview,348.2136962312071
2024,Downsview,337.0834901241547
2014,Downtown Yonge East,628.4395438714995
2015,Downtown Yonge East,608.3522764124175
2016,Downtown Yonge East,588.907072804835
2017,Downtown Yonge East,570.0834102976986
2018,Downtown Yonge East,551.8614221234837
2019,Downtown Yonge East,534.2218765305182
2020,Downtown Yonge East,517.1461564855119
2021,Downtown Yonge East,500.61624002486843
2022,Downtown Yonge East,484.6146812340427
2023,Downtown Yonge East,469.12459183486817
2024,Downtown Yonge East,454.12962336142255
2014,Dufferin Grove,295.9665454220877
2015,Dufferin Grove,286.5063527674232
2016,Dufferin Grove,277.3485430896441
2017,Dufferin Grove,268.4834511030593
2018,Dufferin Grove,259.90172046048946
2019,Dufferin Grove,251.5942938784461
2020,Dufferin Grove,243.55240357793895
2021,Dufferin Grove,235.7675620308377
2022,Dufferin Grove,228.23155300200793
2023,Dufferin Grove,220.93642287778027
2024,Dufferin Grove,213.87447227158736
2014,East End-Danforth,472.12933266613595
2015,East End-Danforth,457.03832148928075
2016,East End-Danforth,442.4296752124285
2017,East End-Danforth,428.287975657564
2018,East End-Danforth,414.59829746904217
2019,East End-Danforth,401.3461923611504
2020,East End-Danforth,388.5176738691774
2021,East End-Danforth,376.09920258789475
2022,East End-Danforth,364.0776718818714
2023,East End-Danforth,352.44039405253983
2024,East End-Danforth,341.17508694741406
2014,East L'Amoreaux,313.97322341585453
2015,East L'Amoreaux,303.9374702948925
2016,East L'Amoreaux,294.22249720609096
2017,East L'Amoreaux,284.81805082538034
2018,East L'Amoreaux,275.71420556310056
2019,East L'Amoreaux,266.9013530883893
2020,East L'Amoreaux,258.37019218841004
2021,East L'Amoreaux,250.11171895171597
2022,East L'Amoreaux,242.1172172653912
2023,East L'Amoreaux,234.37824961593813
2024,East L'Amoreaux,226.88664818420278
2014,East Willowdale,261.74025130267825
2015,East Willowdale,253.37405843019516
2016,East Willowdale,245.275280228674
2017,East Willowdale,237.43536912966445
2018,East Willowdale,229.84605077682596
2019,East Willowdale,222.49931529305138
2020,East Willowdale,215.38740882672624
2021,East Willowdale,208.50282536820066
2022,East Willowdale,201.83829882783752
2023,East Willowdale,195.38679536727565
2024,East Willowdale,189.14150597581445
2014,Edenbridge-Humber Valley,165.51066293559836
2015,Edenbridge-Humber Valley,160.2203259634279
2016,Edenbridge-Humber Valley,155.09908785644657
2017,Edenbridge-Humber Valley,150.1415435853796
2018,Edenbridge-Humber Valley,145.34246088581028
2019,Edenbridge-Humber Valley,140.69677473597213
2020,Edenbridge-Humber Valley,136.19958201105098
2021,Edenbridge-Humber Valley,131.84613630835568
2022,Edenbridge-Humber Valley,127.63184293789575
2023,Edenbridge-Humber Valley,123.55225407307842
2024,Edenbridge-Humber Valley,119.60306405640777
2014,Eglinton East,400.85764335183734
2015,Eglinton East,388.04474070503613
2016,Eglinton East,375.64138612837695
2017,Eglinton East,363.63448894081887
2018,Eglinton East,352.01137688822274
2019,Eglinton East,340.75978276886974
2020,Eglinton East,329.8678314864778
2021,Eglinton East,319.3240275170523
2022,Eglinton East,309.11724277634244
2023,Eglinton East,299.2367048750992
2024,Eglinton East,289.6719857497387
2014,Elms-Old Rexdale,217.88969931632198
2015,Elms-Old Rexdale,210.92513333789452
2016,Elms-Old Rexdale,204.18318081673496
2017,Elms-Old Rexdale,197.6567261979745
2018,Elms-Old Rexdale,191.3388813663687
2019,Elms-Old Rexdale,185.2229783764803
2020,Elms-Old Rexdale,179.30256241523247
2021,Elms-Old Rexdale,173.5713849894052
2022,Elms-Old Rexdale,168.02339733088448
2023,Elms-Old Rexdale,162.65274401270435
2024,Elms-Old Rexdale,157.45375676914404
2014,Englemount-Lawrence,227.9239338338445
2015,Englemount-Lawrence,220.63863636347585
2016,Englemount-Lawrence,213.58620412291907
2017,Englemount-Lawrence,206.7591938724875
2018,Englemount-Lawrence,200.15040028614695
2019,Englemount-Lawrence,193.75284834690686
2020,Englemount-Lawrence,187.55978598528856
2021,Englemount-Lawrence,181.56467695309
2022,Englemount-Lawrence,175.761193924937
2023,Englemount-Lawrence,170.14321182032933
2024,Englemount-Lawrence,164.70480133914398
2014,Eringate-Centennial-West Deane,175.20961940751275
2015,Eringate-Centennial-West Deane,169.6092676779559
2016,Eringate-Centennial-West Deane,164.18792403939776
2017,Eringate-Centennial-West Deane,158.93986672681527
2018,Eringate-Centennial-West Deane,153.85955686409724
2019,Eringate-Centennial-West Deane,148.94163261823388
2020,Eringate-Centennial-West Deane,144.18090354036008
2021,Eringate-Centennial-West Deane,139.57234508768016
2022,Eringate-Centennial-West Deane,135.1110933204922
2023,Eringate-Centennial-West Deane,130.79243976871527
2024,Eringate-Centennial-West Deane,126.61182646250158
2014,Etobicoke City Centre,1014.398298211391
2015,Etobicoke City Centre,981.9743520658636
2016,Etobicoke City Centre,950.5867959512541
2017,Etobicoke City Centre,920.2025029837694
2018,Etobicoke City Centre,890.7894051381446
2019,Etobicoke City Centre,862.3164594025963
2020,Etobicoke City Centre,834.7536150155618
2021,Etobicoke City Centre,808.0717817497014
2022,Etobicoke City Centre,782.2427992096359
2023,Etobicoke City Centre,757.2394071110676
2024,Etobicoke City Centre,733.0352165098674
2014,Etobicoke West Mall,124.45912384808894
2015,Etobicoke West Mall,120.48094689719551
2016,Etobicoke West Mall,116.62992729213023
2017,Etobicoke West Mall,112.90200061072244
2018,Etobicoke West Mall,109.29323234486559
2019,Etobicoke West Mall,105.79981374798014
2020,Etobicoke West Mall,102.41805781520692
2021,Etobicoke West Mall,99.14439539208853
2022,Etobicoke West Mall,95.975371407631755
2023,Etobicoke West Mall,92.90764122777529
2024,Etobicoke West Mall,89.93796712541427
2014,Fenside-Parkwoods,289.4701948410754
2015,Fenside-Parkwoods,280.2176497364436
2016,Fenside-Parkwoods,271.2608504199413
2017,Fenside-Parkwoods,262.5903437551386
2018,Fenside-Parkwoods,254.19697876303948
2019,Fenside-Parkwoods,246.07189696400516
2020,Fenside-Parkwoods,238.20652302838542
2021,Fenside-Parkwoods,230.59255572599116
2022,Fenside-Parkwoods,223.221959164855
2023,Fenside-Parkwoods,216.08695431003386
2024,Fenside-Parkwoods,209.18001077350232
2014,Flemingdon Park,395.0777189701018
2015,Flemingdon Park,382.44956422479953
2016,Flemingdon Park,370.22505231890364
2017,Flemingdon Park,358.39128132453243
2018,Flemingdon Park,346.93576170745206
2019,Flemingdon Park,335.8464031454407
2020,Flemingdon Park,325.111501767986
2021,Flemingdon Park,314.71972780385005
2022,Flemingdon Park,304.6601136234634
2023,Flemingdon Park,294.9220421635297
2024,Flemingdon Park,285.49523572162184
2014,Forest Hill North,387.0991130301625
2015,Forest Hill North,374.7259842344987
2016,Forest Hill North,362.74834669944687
2017,Forest Hill North,351.15355905193127
2018,Forest Hill North,339.92938398422257
2019,Forest Hill North,329.0639753385052
2020,Forest Hill North,318.54586560426975
2021,Forest Hill North,308.3639538153354
2022,Forest Hill North,298.5074938337286
2023,Forest Hill North,288.96608300805264
2024,Forest Hill North,279.72965119437777
2014,Forest Hill South,247.1544845357552
2015,Forest Hill South,239.2545070709439
2016,Forest Hill South,231.6070422969772
2017,Forest Hill South,224.20401896816918
2018,Forest Hill South,217.03762382589323
2019,Forest Hill South,210.10029335235816
2020,Forest Hill South,203.38470578795835
2021,Forest Hill South,196.88377340378509
2022,Forest Hill South,190.5906350211312
2023,Forest Hill South,184.49864877010612
2024,Forest Hill South,178.6013850797069
2014,Fort York-Liberty Village,377.5957702753132
2015,Fort York-Liberty Village,365.52640369438205
2016,Fort York-Liberty Village,353.84281900279433
2017,Fort York-Liberty Village,342.5326851751273
2018,Fort York-Liberty Village,331.58406533143835
2019,Fort York-Liberty Village,320.98540413890805
2020,Fort York-Liberty Village,310.7255156161734
2021,Fort York-Liberty Village,300.7935713274806
2022,Fort York-Liberty Village,291.179088954196
2023,Fort York-Liberty Village,281.87192123161435
2024,Fort York-Liberty Village,272.86224523938796
2014,Glenfield-Jane Heights,497.41240655989185
2015,Glenfield-Jane Heights,481.51325421425713
2016,Glenfield-Jane Heights,466.1222979690332
2017,Glenfield-Jane Heights,451.22329398487204
2018,Glenfield-Jane Heights,436.80051763600585
2019,Glenfield-Jane Heights,422.8387469142481
2020,Glenfield-Jane Heights,409.32324636346425
2021,Glenfield-Jane Heights,396.2397515275571
2022,Glenfield-Jane Heights,383.5744538955517
2023,Glenfield-Jane Heights,371.31398632789217
2024,Glenfield-Jane Heights,359.44540894856766
2014,Golfdale-Cedarbrae-Woburn,582.0951268614032
2015,Golfdale-Cedarbrae-Woburn,563.4891995070225
2016,Golfdale-Cedarbrae-Woburn,545.4779868594682
2017,Golfdale-Cedarbrae-Woburn,528.0424796226284
2018,Golfdale-Cedarbrae-Woburn,511.16427610826554
2019,Golfdale-Cedarbrae-Woburn,494.82556281460575
2020,Golfdale-Cedarbrae-Woburn,479.00909562571064
2021,Golfdale-Cedarbrae-Woburn,463.69818161178586
2022,Golfdale-Cedarbrae-Woburn,448.8766614112198
2023,Golfdale-Cedarbrae-Woburn,434.5288921757583
2024,Golfdale-Cedarbrae-Woburn,420.6397310608145
2014,Greenwood-Coxwell,227.22159589467157
2015,Greenwood-Coxwell,219.95874775959464
2016,Greenwood-Coxwell,212.92804728999596
2017,Greenwood-Coxwell,206.12207418221715
2018,Greenwood-Coxwell,199.53364531313
2019,Greenwood-Coxwell,193.1558071589638
2020,Greenwood-Coxwell,186.98182845645502
2021,Greenwood-Coxwell,181.00519309857404
2022,Greenwood-Coxwell,175.21959325733093
2023,Greenwood-Coxwell,169.61892272640193
2024,Greenwood-Coxwell,164.19727047655036
2014,Guildwood,97.02288662939792
2015,Guildwood,93.9216739632271
2016,Guildwood,90.91958759946732
2017,Guildwood,88.01345909245316
2018,Guildwood,85.20022127183859
2019,Guildwood,82.47690500546064
2020,Guildwood,79.8406360656742
2021,Guildwood,77.28863209585025
2022,Guildwood,74.81819967383609
2023,Guildwood,72.42673146927854
2024,Guildwood,70.11170349180932
2014,Harbourfront-CityPlace,799.2159766466109
2015,Harbourfront-CityPlace,773.6700586071908
2016,Harbourfront-CityPlace,748.9406832139961
2017,Harbourfront-CityPlace,725.001750724122
2018,Harbourfront-CityPlace,701.8279956396137
2019,Harbourfront-CityPlace,679.3949600418936
2020,Harbourfront-CityPlace,657.6789677785163
2021,Harbourfront-CityPlace,636.6570994750135
2022,Harbourfront-CityPlace,616.3071683454522
2023,Harbourfront-CityPlace,596.6076967761774
2024,Harbourfront-CityPlace,577.5378936580266
2014,Henry Farm,172.4371045298149
2015,Henry Farm,166.9253726976305
2016,Henry Farm,161.58981633459877
2017,Henry Farm,156.42480421683706
2018,Henry Farm,151.42488511534157
2019,Henry Farm,146.58478204268306
2020,Henry Farm,141.8993866835954
2021,Henry Farm,137.36375400358722
2022,Henry Farm,132.97309702987857
2023,Henry Farm,128.72278179916208
2024,Henry Farm,124.60832246684863
2014,High Park North,346.3871107056339
2015,High Park North,335.31528907223037
2016,High Park North,324.59736407785647
2017,High Park North,314.22202386839604
2018,High Park North,304.17831815870386
2019,High Park North,294.455646675515
2020,High Park North,285.04374796976225
2021,High Park North,275.93268858649316
2022,High Park North,267.11285258095717
2023,High Park North,258.5749313697974
2024,High Park North,250.30991390663638
2014,High Park-Swansea,424.36430238440715
2015,High Park-Swansea,410.8000394012596
2016,High Park-Swansea,397.6693407618661
2017,High Park-Swansea,384.9583481356704
2018,High Park-Swansea,372.65364615595416
2019,High Park-Swansea,360.74224826106393
2020,High Park-Swansea,349.2115829882048
2021,High Park-Swansea,338.0494807053353
2022,High Park-Swansea,327.2441607671611
2023,High Park-Swansea,316.7842190816695
2024,High Park-Swansea,306.6586160740856
2014,Highland Creek,216.78185805638182
2015,Highland Creek,209.85270280903842
2016,Highland Creek,203.14502916016576
2017,Highland Creek,196.65175773331606
2018,Highland Creek,190.36603543526883
2019,Highland Creek,184.28122822317647
2020,Highland Creek,178.39091410289893
2021,Highland Creek,172.68887635113745
2022,Highland Creek,167.16909695421435
2023,Highland Creek,161.8257502565738
2024,Highland Creek,156.65319681229997
2014,Hillcrest Village,422.75383067108714
2015,Hillcrest Village,409.241044359572
2016,Hillcrest Village,396.1601770057416
2017,Hillcrest Village,383.4974228717039
2018,Hillcrest Village,371.2394175023477
2019,Hillcrest Village,359.3732236203022
2020,Hillcrest Village,347.8863174717458
2021,Hillcrest Village,336.76657560865425
2022,Hillcrest Village,326.00226209353684
2023,Hillcrest Village,315.5820161131572
2024,Hillcrest Village,305.4948399881654
2014,Humber Bay Shores,313.77033309901316
2015,Humber Bay Shores,303.74106510792393
2016,Humber Bay Shores,294.0323698601009
2017,Humber Bay Shores,284.63400065719907
2018,Humber Bay Shores,275.5360383235004
2019,Humber Bay Shores,266.7288807370711
2020,Humber Bay Shores,258.20323269554257
2021,Humber Bay Shores,249.9500961058192
2022,Humber Bay Shores,241.96076048735998
2023,Humber Bay Shores,234.22679377901053
2024,Humber Bay Shores,226.740033439683
2014,Humber Heights-Westmount,224.07912922264762
2015,Humber Heights-Westmount,216.9167260215946
2016,Humber Heights-Westmount,209.9832598919789
2017,Humber Heights-Westmount,203.27141315268048
2018,Humber Heights-Westmount,196.77410202291114
2019,Humber Heights-Westmount,190.48446914588914
2020,Humber Heights-Westmount,184.39587635148484
2021,Humber Heights-Westmount,178.50189765019948
2022,Humber Heights-Westmount,172.79631245108223
2023,Humber Heights-Westmount,167.27309899642773
2024,Humber Heights-Westmount,161.92642800632564
2014,Humber Summit,703.0994385587783
2015,Humber Summit,680.6257629118677
2016,Humber Summit,658.870429606572
2017,Humber Summit,637.8104777473146
2018,Humber Summit,617.4236803542229
2019,Humber Summit,597.6885209044509
2020,Humber Summit,578.584170623327
2021,Humber Summit,560.0904665013625
2022,Humber Summit,542.1878900139169
2023,Humber Summit,524.857546521064
2024,Humber Summit,508.0811453259127
2014,Humbermede,227.46356546363361
2015,Humbermede,220.1929830802967
2016,Humbermede,213.15479557780648
2017,Humbermede,206.34157475058106
2018,Humbermede,199.74612982614357
2019,Humbermede,193.36149987587632
2020,Humbermede,187.18094646835524
2021,Humbermede,181.19794655751136
2022,Humbermede,175.4061855981128
2023,Humbermede,169.79955088130205
2024,Humbermede,164.37212508315375
2014,Humewood-Cedarvale,104.69062982465357
2015,Humewood-Cedarvale,101.34432753948488
2016,Humewood-Cedarvale,98.10498553340211
2017,Humewood-Cedarvale,94.96918495767994
2018,Humewood-Cedarvale,91.93361624272649
2019,Humewood-Cedarvale,88.99507560511529
2020,Humewood-Cedarvale,86.15046166626564
2021,Humewood-Cedarvale,83.39677217920256
2022,Humewood-Cedarvale,80.73110085994148
2023,Humewood-Cedarvale,78.1506343201539
2024,Humewood-Cedarvale,75.65264909787636
2014,Ionview,276.29837435511
2015,Ionview,267.46684967098616
2016,Ionview,258.9176133949224
2017,Ionview,250.64164253845692
2018,Ionview,242.63020252143107
2019,Ionview,234.87483795338633
2020,Ionview,227.3673637096221
2021,Ionview,220.09985629249587
2022,Ionview,213.06464546884834
2023,Ionview,206.25430617472784
2024,Ionview,199.6616506788695
2014,Islington,384.40121975956225
2015,Islington,372.11432567689684
2016,Islington,360.22016647237007
2017,Islington,348.706188877152
2018,Islington,337.5602408716191
2019,Islington,326.77055885993644
2020,Islington,316.32575525458697
2021,Islington,306.2148064577457
2022,Islington,296.4270412268144
2023,Islington,286.9521294118366
2024,Islington,277.7800710529067
2014,Junction Area,680.0142745784964
2015,Junction Area,658.278486716864
2016,Junction Area,637.2374555561241
2017,Junction Area,616.8689740855849
2018,Junction Area,597.1515451132916
2019,Junction Area,578.064358577577
2020,Junction Area,559.5872695838187
2021,Junction Area,541.7007771432253
2022,Junction Area,524.3860035912072
2023,Junction Area,507.6246746636158
2024,Junction Area,491.3991002098183
2014,Junction-Wallace Emerson,380.28138546036564
2015,Junction-Wallace Emerson,368.1261766197606
2016,Junction-Wallace Emerson,356.359493506703
2017,Junction-Wallace Emerson,344.968917392486
2018,Junction-Wallace Emerson,333.94242649720627
2019,Junction-Wallace Emerson,323.2683833018025
2020,Junction-Wallace Emerson,312.9355222656483
2021,Junction-Wallace Emerson,302.9329379367364
2022,Junction-Wallace Emerson,293.25007344190607
2023,Junction-Wallace Emerson,283.8767093449652
2024,Junction-Wallace Emerson,274.80295286094866
2014,Keelesdale-Eglinton West,237.89008929298106
2015,Keelesdale-Eglinton West,230.28623639083102
2016,Keelesdale-Eglinton West,222.92543093605246
2017,Keelesdale-Eglinton West,215.79990422737777
2018,Keelesdale-Eglinton West,208.9021358801557
2019,Keelesdale-Eglinton West,202.22484588922487
2020,Keelesdale-Eglinton West,195.7609869454933
2021,Keelesdale-Eglinton West,189.5037369981027
2022,Keelesdale-Eglinton West,183.44649205433979
2023,Keelesdale-Eglinton West,177.5828592096831
2024,Keelesdale-Eglinton West,171.90664990064144
2014,Kennedy Park,270.99260065735393
2015,Kennedy Park,262.3306682536388
2016,Kennedy Park,253.9456034573216
2017,Kennedy Park,245.82855654891088
2018,Kennedy Park,237.97096067889711
2019,Kennedy Park,230.36452282617483
2020,Kennedy Park,223.0012150454675
2021,Kennedy Park,215.87326599451708
2022,Kennedy Park,208.97315273209628
2023,Kennedy Park,202.2935927781868
2024,Kennedy Park,195.82753642794387
2014,Kensington-Chinatown,686.1741423976918
2015,Kensington-Chinatown,664.2414622277962
2016,Kensington-Chinatown,643.0098321699816
2017,Kensington-Chinatown,622.4568440527046
2018,Kensington-Chinatown,602.5608059530089
2019,Kensington-Chinatown,583.3007193025529
2020,Kensington-Chinatown,564.6562567254158
2021,Kensington-Chinatown,546.6077405842883
2022,Kensington-Chinatown,529.1361222124085
2023,Kensington-Chinatown,512.2229618093204
2024,Kensington-Chinatown,495.85040897924125
2014,Kingsview Village-The Westway,331.7101436220682
2015,Kingsview Village-The Westway,321.10745249798856
2016,Kingsview Village-The Westway,310.84366285532013
2017,Kingsview Village-The Westway,300.90794214101027
2018,Kingsview Village-The Westway,291.2898040507306
2019,Kingsview Village-The Westway,281.979097461479
2020,Kingsview Village-The Westway,272.9659957179365
2021,Kingsview Village-The Westway,264.24098626127187
2022,Kingsview Village-The Westway,255.79486058944892
2023,Kingsview Village-The Westway,247.61870453843903
2024,Kingsview Village-The Westway,239.7038888740828
2014,Kingsway South,182.69843541089648
2015,Kingsway South,176.85871324152754
2016,Kingsway South,171.2056503335733
2017,Kingsway South,165.73328036211944
2018,Kingsway South,160.43582770820808
2019,Kingsway South,155.3077013631655
2020,Kingsway South,150.34348902777012
2021,Kingsway South,145.5379514000331
2022,Kingsway South,140.8860166455627
2023,Kingsway South,136.3827750446765
2024,Kingsway South,132.02347381061156
2014,L'Amoreaux West,363.40008945384454
2015,L'Amoreaux West,351.7844696815052
2016,L'Amoreaux West,340.5401283612387
2017,L'Amoreaux West,329.65519805147284
2018,L'Amoreaux West,319.11819063824964
2019,L'Amoreaux West,308.91798521050276
2020,L'Amoreaux West,299.0438163228859
2021,L'Amoreaux West,289.48526263376493
2022,L'Amoreaux West,280.23223590638247
2023,L'Amoreaux West,271.2749703615856
2024,L'Amoreaux West,262.60401237088035
2014,Lambton Baby Point,24.94224828574085
2015,Lambton Baby Point,24.14500117226361
2016,Lambton Baby Point,23.373237044628954
2017,Lambton Baby Point,22.626141371737965
2018,Lambton Baby Point,21.902925657938077
2019,Lambton Baby Point,21.20282661083331
2020,Lambton Baby Point,20.52510533569433
2021,Lambton Baby Point,19.869046555618223
2022,Lambton Baby Point,19.233957856614797
2023,Lambton Baby Point,18.61916895682282
2024,Lambton Baby Point,18.024030999084733
2014,Lansing-Westgate,290.6033556566478
2015,Lansing-Westgate,281.31459051367096
2016,Lansing-Westgate,272.3227288860938
2017,Lansing-Westgate,263.6182806322128
2018,Lansing-Westgate,255.19205895058457
2019,Lansing-Westgate,247.03517068414158
2020,Lansing-Westgate,239.13900693422485
2021,Lansing-Westgate,231.4952339746269
2022,Lansing-Westgate,224.09578445605567
2023,Lansing-Westgate,216.93284889173665
2024,Lansing-Westgate,209.99886741516687
2014,Lawrence Park North,342.3822824233018
2015,Lawrence Park North,331.43847001150027
2016,Lawrence Park North,320.84446258743645
2017,Lawrence Park North,310.58907908140253
2018,Lawrence Park North,300.6614958123048
2019,Lawrence Park North,291.0512350641932
2020,Lawrence Park North,281.74815402792717
2021,Lawrence Park North,272.7424340963074
2022,Lawrence Park North,264.0245705013745
2023,Lawrence Park North,255.58536228293877
2024,Lawrence Park North,247.41590257775263
2014,Lawrence Park South,239.92712917757362
2015,Lawrence Park South,232.25816489695342
2016,Lawrence Park South,224.83432926576577
2017,Lawrence Park South,217.64778705977702
2018,Lawrence Park South,210.6909534976915
2019,Lawrence Park South,203.95648623606
2020,Lawrence Park South,197.43727762006634
2021,Lawrence Park South,191.12644718200218
2022,Lawrence Park South,185.01733437952407
2023,Lawrence Park South,179.1034915660172
2024,Lawrence Park South,173.378677185658
2014,Leaside-Bennington,480.67936935330795
2015,Leaside-Bennington,465.3150671727356
2016,Leaside-Bennington,450.4418652900885
2017,Leaside-Bennington,436.0440663115126
2018,Leaside-Bennington,422.10647459030156
2019,Leaside-Bennington,408.6143801891903
2020,Leaside-Bennington,395.5535433552726
2021,Leaside-Bennington,382.91017949115906
2022,Leaside-Bennington,370.67094460651157
2023,Leaside-Bennington,358.82292123460223
2024,Leaside-Bennington,347.3536047990305
2014,Little Portugal,232.95541409007996
2015,Little Portugal,225.50929177886925
2016,Little Portugal,218.30117525812315
2017,Little Portugal,211.32345697669925
2018,Little Portugal,204.56877254911214
2019,Little Portugal,198.02999298305355
2020,Little Portugal,191.7002171553502
2021,Little Portugal,185.57276452841782
2022,Little Portugal,179.64116809952444
2023,Little Portugal,173.89916757542164
2024,Little Portugal,168.34070276513995
2014,Long Branch,147.43707523925718
2015,Long Branch,142.72443741657864
2016,Long Branch,138.16243304353728
2017,Long Branch,133.74624731428526
2018,Long Branch,129.47121932209387
2019,Long Branch,125.33283714016662
2020,Long Branch,121.32673305968414
2021,Long Branch,117.44867898006245
2022,Long Branch,113.69458194655235
2023,Long Branch,110.06047983047699
2024,Long Branch,106.54253714754198
2014,Malvern East,473.5210261610636
2015,Malvern East,458.3855312789319
2016,Malvern East,443.7338231616336
2017,Malvern East,429.5504381830599
2018,Malvern East,415.82040699216253
2019,Malvern East,402.52923871408257
2020,Malvern East,389.66290565627014
2021,Malvern East,377.2078285034533
2022,Malvern East,365.15086198583117
2023,Malvern East,353.4792810053645
2024,Malvern East,342.18076720552216
2014,Malvern West,387.4462023966994
2015,Malvern West,375.06197933269135
2016,Malvern West,363.07360214341475
2017,Malvern West,351.46841812100644
2018,Malvern West,340.2341789852516
2019,Malvern West,329.3590279565706
2020,Malvern West,318.8314872422013
2021,Malvern West,308.64044592236905
2022,Malvern West,298.7751482236605
2023,Malvern West,289.2251821672235
2024,Malvern West,279.9804685798133
2014,Maple Leaf,149.5385463931428
2015,Maple Leaf,144.75873772875408
2016,Maple Leaf,140.13170954417652
2017,Maple Leaf,135.65257840648363
2018,Maple Leaf,131.31661697544703
2019,Maple Leaf,127.11924901423058
2020,Maple Leaf,123.05604455956541
2021,Maple Leaf,119.12271524630022
2022,Maple Leaf,115.31510978140014
2023,Maple Leaf,111.62920956260982
2024,Maple Leaf,108.06112443716377
2014,Markland Wood,123.19354758928185
2015,Markland Wood,119.25582316727277
2016,Markland Wood,115.44396307766672
2017,Markland Wood,111.75394422781591
2018,Markland Wood,108.18187211809123
2019,Markland Wood,104.72397673157074
2020,Markland Wood,101.37660855510876
2021,Markland Wood,98.13623472758665
2022,Markland Wood,94.99943531127977
2023,Markland Wood,91.9628996824053
2024,Markland Wood,89.02342303704172
2014,Milliken,971.0574448154221
2015,Milliken,940.018833699428
2016,Milliken,909.9723321493032
2017,Milliken,880.8862286497671
2018,Milliken,852.7298253036275
2019,Milliken,825.4734054327724
2020,Milliken,799.0882022147555
2021,Milliken,773.5463683218728
2022,Milliken,748.8209465306874
2023,Milliken,724.8858412709832
2024,Milliken,701.7157910841202
2014,Mimico-Queensway,360.2002064773248
2015,Mimico-Queensway,348.686866877858
2016,Mimico-Queensway,337.5415364753571
2017,Mimico-Queensway,326.75245232581415
2018,Mimico-Queensway,316.3082274727045
2019,Mimico-Queensway,306.19783892902694
2020,Mimico-Queensway,296.4106160434825
2021,Mimico-Queensway,286.93622923851376
2022,Mimico-Queensway,277.7646791083185
2023,Mimico-Queensway,268.886285865331
2024,Mimico-Queensway,260.2916791240332
2014,Morningside,224.34883817372975
2015,Morningside,217.1778140704922
2016,Morningside,210.23600259482117
2017,Morningside,203.51607725779613
2018,Morningside,197.01094575235993
2019,Morningside,190.71374246799175
2020,Morningside,184.6178212446445
2021,Morningside,178.71674835828813
2022,Morningside,173.00429573066617
2023,Morningside,167.47443435608866
2024,Morningside,162.12132793833433
2014,Morningside Heights,659.0245036323448
2015,Morningside Heights,637.9596269936168
2016,Morningside Heights,617.568062235341
2017,Morningside Heights,597.8282878031247
2018,Morningside Heights,578.7194700515768
2019,Morningside Heights,560.2214412561748
2020,Morningside Heights,542.3146783279556
2021,Morningside Heights,524.9802822085619
2022,Morningside Heights,508.1999579239016
2023,Morningside Heights,491.95599527536564
2024,Morningside Heights,476.2312501482261
2014,Moss Park,664.5574852956054
2015,Moss Park,643.3157539640115
2016,Moss Park,622.7529874472717
2017,Moss Park,602.8474835021642
2018,Moss Park,583.5782335699565
2019,Moss Park,564.9249006036667
2020,Moss Park,546.8677976040478
2021,Moss Park,529.3878668416422
2022,Moss Park,512.4666597429759
2023,Moss Park,496.08631741966667
2024,Moss Park,480.22955181989164
2014,Mount Dennis,187.43663303321523
2015,Mount Dennis,181.44546042785484
2016,Mount Dennis,175.64578800368326
2017,Mount Dennis,170.03149470196712
2018,Mount Dennis,164.59665511579973
2019,Mount Dennis,159.33553323633777
2020,Mount Dennis,154.2425763989365
2021,Mount Dennis,149.31240942278433
2022,Mount Dennis,144.53982893786082
2023,Mount Dennis,139.91979789322224
2024,Mount Dennis,135.4474402408265
2014,Mount Olive-Silverstone-Jamestown,435.4125481001102
2015,Mount Olive-Silverstone-Jamestown,421.4951420520342
2016,Mount Olive-Silverstone-Jamestown,408.0225881147947
2017,Mount Olive-Silverstone-Jamestown,394.98066715877565
2018,Mount Olive-Silverstone-Jamestown,382.35561455068057
2019,Mount Olive-Silverstone-Jamestown,370.1341056261377
2020,Mount Olive-Silverstone-Jamestown,358.30324162665545
2021,Mount Olive-Silverstone-Jamestown,346.85053608608496
2022,Mount Olive-Silverstone-Jamestown,335.7639016522216
2023,Mount Olive-Silverstone-Jamestown,325.03163732963753
2024,Mount Olive-Silverstone-Jamestown,314.64241613028094
2014,Mount Pleasant East,342.80424894303064
2015,Mount Pleasant East,331.84694891030637
2016,Mount Pleasant East,321.239884979898
2017,Mount Pleasant East,310.9718623020708
2018,Mount Pleasant East,301.0320438561651
2019,Mount Pleasant East,291.40993901304694
2020,Mount Pleasant East,282.09539246314563
2021,Mount Pleasant East,273.07857349839156
2022,Mount Pleasant East,264.34996563674434
2023,Mount Pleasant East,255.9003565783586
2024,Mount Pleasant East,247.7208284827889
2014,New Toronto,149.74916983426664
2015,New Toronto,144.96262886056323
2016,New Toronto,140.32908355634032
2017,New Toronto,135.843643610409
2018,New Toronto,131.50157502413228
2019,New Toronto,127.29829511509396
2020,New Toronto,123.22936768046884
2021,New Toronto,119.29049831498969
2022,New Toronto,115.47752987856944
2023,New Toronto,111.7864381087949
2024,New Toronto,108.21332737366167
2014,Newtonbrook East,479.46186976052417
2015,Newtonbrook East,464.136483399604
2016,Newtonbrook East,449.300953442132
2017,Newtonbrook East,434.9396222537527
2018,Newtonbrook East,421.0373326763965
2019,Newtonbrook East,407.579412031195
2020,Newtonbrook East,394.55165663272174
2021,Newtonbrook East,381.9403167982158
2022,Newtonbrook East,369.73208233596654
2023,Newtonbrook East,357.9140684975431
2024,Newtonbrook East,346.47380237904366
2014,Newtonbrook West,459.66555289227983
2015,Newtonbrook West,444.97293051878694
2016,Newtonbrook West,430.7499390559677
2017,Newtonbrook West,416.9815673515134
2018,Newtonbrook West,403.6532840654289
2019,Newtonbrook West,390.7510223334443
2020,Newtonbrook West,378.26116492064193
2021,Newtonbrook West,366.1705298496278
2022,Newtonbrook West,354.4663564880813
2023,Newtonbrook West,343.1362920809976
2024,Newtonbrook West,332.1683787134103
2014,North Riverdale,252.95804126602695
2015,North Riverdale,244.87256052187573
2016,North Riverdale,237.04552184399304
2017,North Riverdale,229.46866446177907
2018,North Riverdale,222.13399164961655
2019,North Riverdale,215.03376228701023
2020,North Riverdale,208.1604826884956
2021,North Riverdale,201.50689869469392
2022,North Riverdale,195.06598801616713
2023,North Riverdale,188.8309528219909
2024,North Riverdale,182.7952125652253
2014,North St.James Town,145.43419248940342
2015,North St.James Town,140.78557425600414
2016,North St.James Town,136.28554316782817
2017,North St.James Town,131.92934982653497
2018,North St.James Town,127.71239664223573
2019,North St.James Town,123.63023298113193
2020,North St.James Town,119.6785504682497
2021,North St.James Town,115.85317844032004
2022,North St.James Town,112.15007954399823
2023,North St.James Town,108.56534547478411
2024,North St.James Town,105.09519285213882
2014,North Toronto,241.9548573624968
2015,North Toronto,234.22107933999493
2016,North Toronto,226.73450165541277
2017,North Toronto,219.48722286564072
2018,North Toronto,212.47159408710735
2019,North Toronto,205.68021092303655
2020,North Toronto,199.1059056487392
2021,North Toronto,192.7417396466921
2022,North Toronto,186.58099608342022
2023,North Toronto,180.61717282045262
2024,North Toronto,174.84397555187093
2014,O'Connor-Parkview,199.02998049267276
2015,O'Connor-Parkview,192.66824134127768
2016,O'Connor-Parkview,186.50984705747595
2017,O'Connor-Parkview,180.54829798226044
2018,O'Connor-Parkview,174.77730220992362
2019,O'Connor-Parkview,169.19076894748872
2020,O'Connor-Parkview,163.78280208639814
2021,O'Connor-Parkview,158.54769397967453
2022,O'Connor-Parkview,153.47991941798713
2023,O'Connor-Parkview,148.5741297982654
2024,O'Connor-Parkview,143.8251474787054
2014,Oakdale-Beverley Heights,498.16684066681165
2015,Oakdale-Beverley Heights,482.24357379841376
2016,Oakdale-Beverley Heights,466.8292738203509
2017,Oakdale-Beverley Heights,451.9076722559594
2018,Oakdale-Beverley Heights,437.46302062965634
2019,Oakdale-Beverley Heights,423.4800738457687
2020,Oakdale-Beverley Heights,409.94407409863766
2021,Oakdale-Beverley Heights,396.8407352970156
2022,Oakdale-Beverley Heights,384.15622798631733
2023,Oakdale-Beverley Heights,371.87716475281223
2024,Oakdale-Beverley Heights,359.990586094353
2014,Oakridge,239.81527325542194
2015,Oakridge,232.14988430650578
2016,Oakridge,224.7295097261098
2017,Oakridge,217.54631794284452
2018,Oakridge,210.5927277114985
2019,Oakridge,203.8614001116817
2020,Oakridge,197.34523080222206
2021,Oakridge,191.03734252314032
2022,Oakridge,184.93107783728973
2023,Oakridge,179.01999210399995
2024,Oakridge,173.29784667730942
2014,Oakwood Village,234.4540890198038
2015,Oakwood Village,226.96006347837627
2016,Oakwood Village,219.70557489299102
2017,Oakwood Village,212.68296677075423
2018,Oakwood Village,205.88482734878804
2019,Oakwood Village,199.303981771751
2020,Oakwood Village,192.9334845193886
2021,Oakwood Village,186.76661207613262
2022,Oakwood Village,180.79685583500228
2023,Oakwood Village,175.0179152283283
2024,Oakwood Village,169.4236910780394
2014,Old East York,507.47295476794716
2015,Old East York,491.2522298468579
2016,Old East York,475.5499796828835
2017,Old East York,460.3496318925408
2018,Old East York,445.63514380742083
2019,Old East York,431.3909855425225
2020,Old East York,417.60212360578623
2021,Old East York,404.2540050315272
2022,Old East York,391.3325420210235
2023,Old East York,378.8240970740485
2024,Old East York,366.71546859565404
2014,Palmerston-Little Italy,238.2556042705936
2015,Palmerston-Little Italy,230.64006814897232
2016,Palmerston-Little Italy,223.2679529139122
2017,Palmerston-Little Italy,216.13147792763965
2018,Palmerston-Little Italy,209.22311125053108
2019,Palmerston-Little Italy,202.53556169179416
2020,Palmerston-Little Italy,196.06177111423884
2021,Palmerston-Little Italy,189.79490698501667
2022,Palmerston-Little Italy,183.72835516446608
2023,Palmerston-Little Italy,177.85571292545308
2024,Palmerston-Little Italy,172.17078219583973
2014,Parkwoods-O'Connor Hills,308.41904928932365
2015,Parkwoods-O'Connor Hills,298.56082825125156
2016,Parkwoods-O'Connor Hills,289.0177126590312
2017,Parkwoods-O'Connor Hills,279.77963056949744
2018,Parkwoods-O'Connor Hills,270.83683197628574
2019,Parkwoods-O'Connor Hills,262.1798785195336
2020,Parkwoods-O'Connor Hills,253.79963352449815
2021,Parkwoods-O'Connor Hills,245.68725235857642
2022,Parkwoods-O'Connor Hills,237.83417309655147
2023,Parkwoods-O'Connor Hills,230.23210748421167
2024,Parkwoods-O'Connor Hills,222.87303219080664
2014,Pelmo Park-Humberlea,269.13048260739356
2015,Pelmo Park-Humberlea,260.5280704290919
2016,Pelmo Park-Humberlea,252.2006233701942
2017,Pelmo Park-Humberlea,244.13935252180823
2018,Pelmo Park-Humberlea,236.3357499012904
2019,Pelmo Park-Humberlea,228.78157947279703
2020,Pelmo Park-Humberlea,221.46886845485227
2021,Pelmo Park-Humberlea,214.38989890575826
2022,Pelmo Park-Humberlea,207.53719957796724
2023,Pelmo Park-Humberlea,200.90353803281798
2024,Pelmo Park-Humberlea,194.48191300731472
2014,Playter Estates-Danforth,157.15577567428195
2015,Playter Estates-Danforth,152.1324920036505
2016,Playter Estates-Danforth,147.26977118047
2017,Playter Estates-Danforth,142.5624810183716
2018,Playter Estates-Danforth,138.00565337476954
2019,Playter Estates-Danforth,133.59447890741106
2020,Playter Estates-Danforth,129.32430199852678
2021,Playter Estates-Danforth,125.19061584122366
2022,Playter Estates-Danforth,121.18905768293556
2023,Playter Estates-Danforth,117.31540422091057
2024,Playter Estates-Danforth,113.56556714487576
2014,Pleasant View,216.6614939267874
2015,Pleasant View,209.73618596513316
2016,Pleasant View,203.03223662837587
2017,Pleasant View,196.54257047076098
2018,Pleasant View,190.26033820412164
2019,Pleasant View,184.1789094690402
2020,Pleasant View,178.2918658370705
2021,Pleasant View,172.59299403663474
2022,Pleasant View,167.0762793954464
2023,Pleasant View,161.7358994925374
2024,Pleasant View,156.56621801319034
2014,Princess-Rosethorn,130.36174453874753
2015,Princess-Rosethorn,126.19489785553216
2016,Princess-Rosethorn,122.1612391051943
2017,Princess-Rosethorn,118.25651110554972
2018,Princess-Rosethorn,114.47659274980602
2019,Princess-Rosethorn,110.81749465708646
2020,Princess-Rosethorn,107.27535496197928
2021,Princess-Rosethorn,103.84643523866878
2022,Princess-Rosethorn,100.52711655534621
2023,Princess-Rosethorn,97.31389565473647
2024,Princess-Rosethorn,94.20338125670936
2014,Regent Park,185.25432191324728
2015,Regent Park,179.33290409587457
2016,Regent Park,173.60075683697403
2017,Regent Park,168.05183034485563
2018,Regent Park,162.68026820169482
2019,Regent Park,157.48040118258373
2020,Regent Park,152.44674127214861
2021,Regent Park,147.57397587241863
2022,Regent Park,142.85696219583255
2023,Regent Park,138.29072183746575
2024,Regent Park,133.87043552074937
2014,Rexdale-Kipling,232.38766659870635
2015,Rexdale-Kipling,224.95969161100462
2016,Rexdale-Kipling,217.76914235774683
2017,Rexdale-Kipling,210.80842982854065
2018,Rexdale-Kipling,204.07020758601914
2019,Rexdale-Kipling,197.5473640123039
2020,Rexdale-Kipling,191.23301480329997
2021,Rexdale-Kipling,185.12049570290114
2022,Rexdale-Kipling,179.20335546943681
2023,Rexdale-Kipling,173.47534906693778
2024,Rexdale-Kipling,167.9304310740342
2014,Rockcliffe-Smythe,404.16860384816937
2015,Rockcliffe-Smythe,391.2498705774285
2016,Rockcliffe-Smythe,378.74406811757086
2017,Rockcliffe-Smythe,366.6379976625677
2018,Rockcliffe-Smythe,354.9188822893693
2019,Rockcliffe-Smythe,343.57435347295416
2020,Rockcliffe-Smythe,332.5924380324077
2021,Rockcliffe-Smythe,321.96154549425256
2022,Rockcliffe-Smythe,311.67045585969436
2023,Rockcliffe-Smythe,301.7083077628715
2024,Rockcliffe-Smythe,292.0645870076113
2014,Roncesvalles,351.2542223073642
2015,Roncesvalles,340.02682966724956
2016,Roncesvalles,329.1583062947191
2017,Roncesvalles,318.6371813919354
2018,Roncesvalles,308.4523508104649
2019,Roncesvalles,298.5930653317979
2020,Roncesvalles,289.0489193224669
2021,Roncesvalles,279.8098397517894
2022,Roncesvalles,270.86607556064496
2023,Roncesvalles,262.2081873700649
2024,Roncesvalles,253.82703751877457
2014,Rosedale-Moore Park,651.395995705847
2015,Rosedale-Moore Park,630.574954580857
2016,Rosedale-Moore Park,610.4194314455176
2017,Rosedale-Moore Park,590.908153867202
2018,Rosedale-Moore Park,572.0205293594261
2019,Rosedale-Moore Park,553.736623648238
2020,Rosedale-Moore Park,536.0371396332959
2021,Rosedale-Moore Park,518.9033970214258
2022,Rosedale-Moore Park,502.31731261116954
2023,Rosedale-Moore Park,486.26138120751006
2024,Rosedale-Moore Park,470.7186571466334
2014,Runnymede-Bloor West Village,243.67475581574266
2015,Runnymede-Bloor West Village,235.88600343561205
2016,Runnymede-Bloor West Village,228.34620857853676
2017,Runnymede-Bloor West Village,221.04741363522828
2018,Runnymede-Bloor West Village,213.9819153512166
2019,Runnymede-Bloor West Village,207.14225669672328
2020,Runnymede-Bloor West Village,200.5212189964036
2021,Runnymede-Bloor West Village,194.11181431065148
2022,Runnymede-Bloor West Village,187.90727806042625
2023,Runnymede-Bloor West Village,181.9010618878175
2024,Runnymede-Bloor West Village,176.08682674481264
2014,Rustic,289.42647153517095
2015,Rustic,280.17532399017495
2016,Rustic,271.21987756209893
2017,Rustic,262.5506805423722
2018,Rustic,254.15858333421633
2019,Rustic,246.03472879603092
2020,Rustic,238.17054289343397
2021,Rustic,230.55772565010452
2022,Rustic,223.18824238786345
2023,Rustic,216.05431524676038
2024,Rustic,209.14841497620387
2014,Scarborough Village,217.18475080197285
2015,Scarborough Village,210.24271760253856
2016,Scarborough Village,203.52257762886754
2017,Scarborough Village,197.0172383473713
2018,Scarborough Village,190.7198339282398
2019,Scarborough Village,184.6237179991448
2020,Scarborough Village,178.72245663056154
2021,Scarborough Village,173.00982154530607
2022,Scarborough Village,167.47978354512063
2023,Scarborough Village,162.12650614737
2024,Scarborough Village,156.94433942513294
2014,South Eglinton-Davisville,179.18089530033077
2015,South Eglinton-Davisville,173.45360680845417
2016,South Eglinton-Davisville,167.9093837790765
2017,South Eglinton-Davisville,162.54237475847685
2018,South Eglinton-Davisville,157.3469153271786
2019,South Eglinton-Davisville,152.317522121641
2020,South Eglinton-Davisville,147.44888704703507
2021,South Eglinton-Davisville,142.7358716750054
2022,South Eglinton-Davisville,138.17350182049577
2023,South Eglinton-Davisville,133.75696229192386
2024,South Eglinton-Davisville,129.48159180915601
2014,South Parkdale,854.8052299396068
2015,South Parkdale,827.4824724099979
2016,South Parkdale,801.0330519317715
2017,South Parkdale,775.429053401392
2018,South Parkdale,750.6434539859588
2019,South Parkdale,726.6500946029149
2020,South Parkdale,703.4236523113703
2021,South Parkdale,680.9396135859014
2022,South Parkdale,659.1742484446194
2023,South Parkdale,638.1045854042013
2024,South Parkdale,617.7083872354532
2014,South Riverdale,898.6636709010256
2015,South Riverdale,869.939034316348
2016,South Riverdale,842.1325440567517
2017,South Riverdale,815.2148527474918
2018,South Riverdale,789.1575510651785
2019,South Riverdale,763.9331377541636
2020,South Riverdale,739.5149906013145
2021,South Riverdale,715.8773383385432
2022,South Riverdale,692.9952334434342
2023,South Riverdale,670.8445258092667
2024,South Riverdale,649.4018372566393
2014,St Lawrence-East Bayfront-The Islands,1072.5907793361212
2015,St Lawrence-East Bayfront-The Islands,1038.306784847265
2016,St Lawrence-East Bayfront-The Islands,1005.1186344592122
2017,St Lawrence-East Bayfront-The Islands,972.9913009147498
2018,St Lawrence-East Bayfront-The Islands,941.8908765582088
2019,St Lawrence-East Bayfront-The Islands,911.7845375488313
2020,St Lawrence-East Bayfront-The Islands,882.640509218011
2021,St Lawrence-East Bayfront-The Islands,854.428032533845
2022,St Lawrence-East Bayfront-The Islands,827.1173316376041
2023,St Lawrence-East Bayfront-The Islands,800.6795824178573
2024,St Lawrence-East Bayfront-The Islands,775.0868820890851
2014,St.Andrew-Windfields,696.4777585306124
2015,St.Andrew-Windfields,674.2157364294585
2016,St.Andrew-Windfields,652.6652914346258
2017,St.Andrew-Windfields,631.803678892644
2018,St.Andrew-Windfields,611.6088811538442
2019,St.Andrew-Windfields,592.0595843346115
2020,St.Andrew-Windfields,573.1351558224012
2021,St.Andrew-Windfields,554.8156224997794
2022,St.Andrew-Windfields,537.0816496645037
2023,St.Andrew-Windfields,519.9145206233977
2024,St.Andrew-Windfields,503.29611693847926
2014,Steeles,334.2372409735238
2015,Steeles,323.55377440988275
2016,Steeles,313.2117912114232
2017,Steeles,303.20037629847394
2018,Steeles,293.5089634779482
2019,Steeles,284.1273242916255
2020,Steeles,275.04555722089185
2021,Steeles,266.25407723652893
2022,Steeles,257.74360568253854
2023,Steeles,249.50516048331008
2024,Steeles,241.530046663811
2014,Stonegate-Queensway,522.5660029972962
2015,Stonegate-Queensway,505.86284806442245
2016,Stonegate-Queensway,489.69358814789376
2017,Stonegate-Queensway,474.0411579753335
2018,Stonegate-Queensway,458.8890377440029
2019,Stonegate-Queensway,444.22123568556117
2020,Stonegate-Queensway,430.02227118811965
2021,Stonegate-Queensway,416.27715845777897
2022,Stonegate-Queensway,402.97139070240377
2023,Stonegate-Queensway,390.0909248209433
2024,Stonegate-Queensway,377.6221665821378
2014,Tam O'Shanter-Sullivan,565.8166439793736
2015,Tam O'Shanter-Sullivan,547.7310375415682
2016,Tam O'Shanter-Sullivan,530.2235144169767
2017,Tam O'Shanter-Sullivan,513.2755969107448
2018,Tam O'Shanter-Sullivan,496.8693979439364
2019,Tam O'Shanter-Sullivan,480.9876021752511
2020,Tam O'Shanter-Sullivan,465.61344772615996
2021,Tam O'Shanter-Sullivan,450.7307084901753
2022,Tam O'Shanter-Sullivan,436.32367700758135
2023,Tam O'Shanter-Sullivan,422.37714788755267
2024,Tam O'Shanter-Sullivan,408.8764017601633
2014,Taylor-Massey,123.94959103662961
2015,Taylor-Massey,119.98770065134573
2016,Taylor-Massey,116.15244703261958
2017,Taylor-Massey,112.43978239793161
2018,Taylor-Massey,108.84578834696208
2019,Taylor-Massey,105.36667172605259
2020,Taylor-Massey,101.99876062485805
2021,Taylor-Massey,98.73850050095756
2022,Taylor-Massey,95.58245042834001
2023,Taylor-Massey,92.52727946579925
2024,Taylor-Massey,89.5697631414116
2014,The Beaches,426.6795916350094
2015,The Beaches,413.0413233877508
2016,The Beaches,399.8389849680039
2017,The Beaches,387.0586424355447
2018,The Beaches,374.6868072307541
2019,The Beaches,362.71042193859523
2020,The Beaches,351.1168465076277
2021,The Beaches,339.89384490951323
2022,The Beaches,329.0295722249331
2023,The Beaches,318.5125621422878
2024,The Beaches,308.33171485598484
2014,Thistletown-Beaumond Heights,287.2829749654773
2015,Thistletown-Beaumond Heights,278.10034155093797
2016,Thistletown-Beaumond Heights,269.21121928663626
2017,Thistletown-Beaumond Heights,260.60622646348895
2018,Thistletown-Beaumond Heights,252.2762812467624
2019,Thistletown-Beaumond Heights,244.21259209097227
2020,Thistletown-Beaumond Heights,236.40664846115808
2021,Thistletown-Beaumond Heights,228.85021185074092
2022,Thistletown-Beaumond Heights,221.53530708648347
2023,Thistletown-Beaumond Heights,214.45421391137612
2024,Thistletown-Beaumond Heights,207.59945883656522
2014,Thorncliffe Park,393.0767350244976
2015,Thorncliffe Park,380.5125391756213
2016,Thorncliffe Park,368.34994180170776
2017,Thorncliffe Park,356.5761063203725
2018,Thorncliffe Park,345.1786064541964
2019,Thorncliffe Park,334.1454131158462
2020,Thorncliffe Park,323.4648817124059
2021,Thorncliffe Park,313.1257398554985
2022,Thorncliffe Park,303.1170754642484
2023,Thorncliffe Park,293.42832524850724
2024,Thorncliffe Park,284.0492635602085
2014,Trinity-Bellwoods,393.13642444495235
2015,Trinity-Bellwoods,380.5703206999791
2016,Trinity-Bellwoods,368.4058764134301
2017,Trinity-Bellwoods,356.63025305366386
2018,Trinity-Bellwoods,345.2310224563069
2019,Trinity-Bellwoods,334.1961537073885
2020,Trinity-Bellwoods,323.5140004457384
2021,Trinity-Bellwoods,313.1732885712484
2022,Trinity-Bellwoods,303.163104346022
2023,Trinity-Bellwoods,293.4728828758573
2024,Trinity-Bellwoods,284.0923969599032
2014,University,313.9936786747301
2015,University,303.9572717275409
2016,University,294.2416657112326
2017,University,284.8366066337346
2018,University,275.73216825873783
2019,University,266.9187416294002
2020,University,258.38702492691385
2021,University,250.12801365323008
2022,University,242.13299112758088
2023,University,234.39351928676723
2024,University,226.90142977950424
2014,Victoria Village,204.61986932829862
2015,Victoria Village,198.07945651894747
2016,Victoria Village,191.74809965248764
2017,Victoria Village,185.6191165226835
2018,Victoria Village,179.6860385114881
2019,Victoria Village,173.94260376196954
2020,Victoria Village,168.38275056945585
2021,Victoria Village,163.0006109839237
2022,Victoria Village,157.79050461687854
2023,Victoria Village,152.74693264618975
2024,Victoria Village,147.8645720125537
2014,Wellington Place,773.393974300005
2015,Wellington Place,748.6734235891108
2016,Wellington Place,724.7430337118371
2017,Wellington Place,701.5775481862271
2018,Wellington Place,679.1525178215157
2019,Wellington Place,657.4442749140973
2020,Wellington Place,636.4299082682867
2021,Wellington Place,616.0872390155093
2022,Wellington Place,596.3947972064013
2023,Wellington Place,577.331799151111
2024,Wellington Place,558.8781254838907
2014,West Hill,508.1182535170191
2015,West Hill,491.87690244550697
2016,West Hill,476.15468541966686
2017,West Hill,460.93500898269895
2018,West Hill,446.20181006645913
2019,West Hill,431.9395390382627
2020,West Hill,418.1331432895758
2021,West Hill,404.76805134927326
2022,West Hill,391.8301575046956
2023,West Hill,379.3058069142744
2024,West Hill,367.1817811960139
2014,West Humber-Clairville,1518.666584374303
2015,West Humber-Clairville,1470.124346447062
2016,West Humber-Clairville,1423.1336991633693
2017,West Humber-Clairville,1377.6450479097928
2018,West Humber-Clairville,1333.6103833013824
2019,West Humber-Clairville,1290.983230511867
2020,West Humber-Clairville,1249.7186002234457
2021,West Humber-Clairville,1209.7729411444063
2022,West Humber-Clairville,1171.1040940444584
2023,West Humber-Clairville,1133.6712472592678
2024,West Humber-Clairville,1097.434893617231
2014,West Queen West,212.11419429966526
2015,West Queen West,205.33423496337582
2016,West Queen West,198.77098836879375
2017,West Queen West,192.4175275698876
2018,West Queen West,186.2671470316095
2019,West Queen West,180.3133555527761
2020,West Queen West,174.54986941516
2021,West Queen West,168.97060575156235
2022,West Queen West,163.5696761258659
2023,West Queen West,158.3413803182941
2024,West Queen West,153.28020030931594
2014,West Rouge,277.9936814022146
2015,West Rouge,269.10796839335444
2016,West Rouge,260.5062758531523
2017,West Rouge,252.17952543004137
2018,West Rouge,244.11892895036885
2019,West Rouge,236.31597914322975
2020,West Rouge,228.76244066176918
2021,West Rouge,221.4503413914773
2022,West Rouge,214.37196403630375
2023,West Rouge,207.5198379737108
2024,West Rouge,200.8867313700696
2014,Westminster-Branson,135.70149480248037
2015,Westminster-Branson,131.36396982131524
2016,Westminster-Branson,127.16508828685359
2017,Westminster-Branson,123.10041863837883
2018,Westminster-Branson,119.16567096435325
2019,Westminster-Branson,115.35669247478293
2020,Westminster-Branson,111.6694631183027
2021,Westminster-Branson,108.1000913393554
2022,Westminster-Branson,104.64480997098748
2023,Westminster-Branson,101.29997225892612
2024,Westminster-Branson,98.06204801274164
2014,Weston,284.4010597838519
2015,Weston,275.31054310768815
2016,Weston,266.51059318785934
2017,Weston,257.99192242907304
2018,Weston,249.74554010215954
2019,Weston,241.7627428551251
2020,Weston,234.03510552750785
2021,Weston,226.55447225834044
2022,Weston,219.3129478783358
2023,Weston,212.30288957721044
2024,Weston,205.51689883735116
2014,Weston-Pelham Park,178.31171915973184
2015,Weston-Pelham Park,172.61221277319126
2016,Weston-Pelham Park,167.09488382963255
2017,Weston-Pelham Park,161.75390925974395
2018,Weston-Pelham Park,156.58365212118784
2019,Weston-Pelham Park,151.5786556492897
2020,Weston-Pelham Park,146.733637497889
2021,Weston-Pelham Park,142.0434841642745
2022,Weston-Pelham Park,137.50324559231876
2023,Weston-Pelham Park,133.10812994811684
2024,Weston-Pelham Park,128.85349856261513
2014,Wexford/Maryvale,1826.3817501984224
2015,Wexford/Maryvale,1768.0037899691652
2016,Wexford/Maryvale,1711.4918066859454
2017,Wexford/Maryvale,1656.786156778659
2018,Wexford/Maryvale,1603.8291031077626
2019,Wexford/Maryvale,1552.564754027633
2020,Wexford/Maryvale,1502.939004397732
2021,Wexford/Maryvale,1454.8994784792333
2022,Wexford/Maryvale,1408.395474656924
2023,Wexford/Maryvale,1363.3779119279625
2024,Wexford/Maryvale,1319.799278101093
2014,Willowdale West,144.10856330057914
2015,Willowdale West,139.50231711128018
2016,Willowdale West,135.04330369892742
2017,Willowdale West,130.72681695583165
2018,Willowdale West,126.54830119902702
2019,Willowdale West,122.50334636213475
2020,Willowdale West,118.58768334091683
2021,Willowdale West,114.79717948759937
2022,Willowdale West,111.12783424921777
2023,Willowdale West,107.57577494537314
2024,Willowdale West,104.13725268095065
2014,Willowridge-Martingrove-Richview,314.82179975386777
2015,Willowridge-Martingrove-Richview,304.75892297395177
2016,Willowridge-Martingrove-Richview,295.01769319931606
2017,Willowridge-Martingrove-Richview,285.5878293942023
2018,Willowridge-Martingrove-Richview,276.45937914303056
2019,Willowridge-Martingrove-Richview,267.62270814647513
2020,Willowridge-Martingrove-Richview,259.06849005328445
2021,Willowridge-Martingrove-Richview,250.78769661711434
2022,Willowridge-Martingrove-Richview,242.77158816798533
2023,Willowridge-Martingrove-Richview,235.01170438830775
2024,Willowridge-Martingrove-Richview,227.49985538373917
2014,Woburn North,913.015721812615
2015,Woburn North,883.8323402491103
2016,Woburn North,855.581768208086
2017,Woburn North,828.2341896244183
2018,Woburn North,801.7607414654278
2019,Woburn North,776.1334832684149
2020,Woburn North,751.325367651888
2021,Woburn North,727.3102117693636
2022,Woburn North,704.0626696756087
2023,Woburn North,681.5582055761613
2024,Woburn North,659.7730679318953
2014,Woodbine Corridor,140.23076934509268
2015,Woodbine Corridor,135.74847188736996
2016,Woodbine Corridor,131.4094453436792
2017,Woodbine Corridor,127.2091102422207
2018,Woodbine Corridor,123.1430334881616
2019,Woodbine Corridor,119.20692368488494
2020,Woodbine Corridor,115.3966266047853
2021,Woodbine Corridor,111.70812080483829
2022,Woodbine Corridor,108.13751338230932
2023,Woodbine Corridor,104.68103586612901
2024,Woodbine Corridor,101.33504023959233
2014,Woodbine-Lumsden,112.35514681607044
2015,Woodbine-Lumsden,108.76385803338951
2016,Woodbine-Lumsden,105.28736021032277
2017,Woodbine-Lumsden,101.92198420044215
2018,Woodbine-Lumsden,98.66417813689941
2019,Woodbine-Lumsden,95.5105036837341
2020,Woodbine-Lumsden,92.45763240700377
2021,Woodbine-Lumsden,89.50234226190634
2022,Woodbine-Lumsden,86.64151419218697
2023,Woodbine-Lumsden,83.87212883824087
2024,Woodbine-Lumsden,81.19126335043696
2014,Wychwood,239.79540757944855
2015,Wychwood,232.13065361149506
2016,Wychwood,224.71089371570616
2017,Wychwood,217.52829696943948
2018,Wychwood,210.57528275549433
2019,Wychwood,203.84451276141777
2020,Wychwood,197.328883234543
2021,Wychwood,191.02151748458516
2022,Wychwood,184.91575862588235
2023,Wychwood,179.0051625516215
2024,Wychwood,173.28349113263437
2014,Yonge-Bay Corridor,945.2273077543011
2015,Yonge-Bay Corridor,915.014323982594
2016,Yonge-Bay Corridor,885.7670596530791
2017,Yonge-Bay Corridor,857.4546467770774
2018,Yonge-Bay Corridor,830.0472040217473
2019,Yonge-Bay Corridor,803.5158051728912
2020,Yonge-Bay Corridor,777.8324486058069
2021,Yonge-Bay Corridor,752.9700277319665
2022,Yonge-Bay Corridor,728.9023023903271
2023,Yonge-Bay Corridor,705.603871153083
2024,Yonge-Bay Corridor,683.0501445166291
2014,Yonge-Doris,285.42614573751405
2015,Yonge-Doris,276.30286349794716
2016,Yonge-Doris,267.4711953241055
2017,Yonge-Doris,258.9218201447895
2018,Yonge-Doris,250.6457148249368
2019,Yonge-Doris,242.6341446424742
2020,Yonge-Doris,234.87865406956467
2021,Yonge-Doris,227.37105784852028
2022,Yonge-Doris,220.10343235296182
2023,Yonge-Doris,213.06810722510838
2024,Yonge-Doris,206.25765728036993
2014,Yonge-Eglinton,264.1985273731412
2015,Yonge-Eglinton,255.7537588454542
2016,Yonge-Eglinton,247.57891655920153
2017,Yonge-Eglinton,239.6653726667894
2018,Yonge-Eglinton,232.0047750987557
2019,Yonge-Eglinton,224.58903874887073
2020,Yonge-Eglinton,217.41033694100193
2021,Yonge-Eglinton,210.46109316872247
2022,Yonge-Eglinton,203.73397309895927
2023,Yonge-Eglinton,197.22187683122803
2024,Yonge-Eglinton,190.91793140429772
2014,Yonge-St.Clair,226.71229186464674
2015,Yonge-St.Clair,219.46572298247287
2016,Yonge-St.Clair,212.45078142024835
2017,Yonge-St.Clair,205.66006350649428
2018,Yonge-St.Clair,199.08640221863723
2019,Yonge-St.Clair,192.72285961882594
2020,Yonge-St.Clair,186.56271953153387
2021,Yonge-St.Clair,180.59948045520673
2022,Yonge-St.Clair,174.8268487004859
2023,Yonge-St.Clair,169.23873174775434
2024,Yonge-St.Clair,163.82923181700522
2014,York University Heights,1238.5481266545007
2015,York University Heights,1198.959517497625
2016,York University Heights,1160.6363076750565
2017,York University Heights,1123.5380503130766
2018,York University Heights,1087.6255913706311
2019,York University Heights,1052.8610283155867
2020,York University Heights,1019.2076701218449
2021,York University Heights,986.6299985450996
2022,York University Heights,955.0936306363648
2023,York University Heights,924.5652824537093
2024,York University Heights,895.0127339338999
2014,Yorkdale-Glen Park,959.6706148323761
2015,Yorkdale-Glen Park,928.9959691950205
2016,Yorkdale-Glen Park,899.3017994318186
2017,Yorkdale-Glen Park,870.5567658835886
2018,Yorkdale-Glen Park,842.7305306233313
2019,Yorkdale-Glen Park,815.7937254371409
2020,Yorkdale-Glen Park,789.7179208285634
2021,Yorkdale-Glen Park,764.4755960136928
2022,Yorkdale-Glen Park,740.0401098753347
2023,Yorkdale-Glen Park,716.3856728455829
2024,Yorkdale-Glen Park,693.4873196871348
